description.year_built,description.sold_price,description.baths,description.garage,description.stories,description.beds,num_days,central_air,dishwasher,fireplace,basement,price_per_sqft,median_value_per_sqft,description.type_encoded,city_encoded
1991,185000,3,1,2,4,-1,1,1,0,0,128,0,1,12
1978,290000,2,1,2,4,575,1,0,0,1,163,0,1,18
1978,355000,2,2,1,4,40,1,1,1,0,257,0,1,56
2022,410000,2,2,2,3,91,1,0,0,0,248,0,1,18
1950,259000,2,2,1,2,46,1,1,0,1,178,0,1,0
1998,312000,2,2,1,3,52,1,1,1,0,192,1,1,62
1945,170000,3,1,1,3,122,1,0,1,0,54,0,1,43
1975,650000,5,3,1,6,96,0,0,1,0,204,0,1,9
2004,315000,3,3,2,4,133,1,1,1,1,183,0,1,17
2007,319999,3,1,2,3,49,1,1,0,0,153,0,2,18
1979,190000,2,2,1,2,62,0,1,1,1,102,0,2,34
1965,340000,3,2,2,4,32,1,0,1,1,98,1,1,31
1965,357000,2,1,1,3,69,1,0,0,0,353,2,1,56
1962,275000,1,1,1,3,65,1,1,0,1,264,0,1,0
1836,100000,1,1,2,2,48,0,0,0,1,80,0,2,64
1961,399950,1,4,1,3,29,0,1,0,0,368,2,1,49
1993,410000,3,2,2,3,65,1,1,1,1,195,3,1,39
1923,300000,2,1,1,3,70,1,1,1,1,158,1,1,29
1961,690000,2,1,1,3,460,0,0,0,0,384,0,1,53
1978,258000,2,1,1,4,126,0,0,1,0,105,0,1,36
1969,225000,2,1,1,4,52,0,0,1,0,132,0,1,36
1947,100000,2,1,2,3,50,0,1,0,0,83,0,1,32
1950,261000,1,1,1,3,69,1,0,0,1,143,1,1,31
1981,525000,3,1,2,3,70,1,1,1,0,276,1,2,7
2013,295000,3,1,2,3,80,1,1,0,1,122,0,2,28
2019,346000,3,2,2,3,34,1,0,0,1,187,1,2,28
2007,510000,4,4,1,3,123,1,1,1,1,121,0,1,18
2001,270000,2,2,1,4,-14,1,1,0,0,161,0,1,12
1987,387900,3,1,2,4,15,1,1,1,0,160,0,1,30
1927,570000,3,1,3,4,82,0,0,1,0,124,1,1,36
1932,719000,4,2,2,3,78,1,1,1,1,292,3,1,57
1949,175100,3,1,2,3,45,1,1,0,1,172,0,1,32
1979,500100,2,2,1,4,14,1,1,1,0,316,0,1,56
1968,339000,2,2,2,3,34,1,1,1,1,183,2,1,39
1960,592790,2,2,1,3,27,0,0,1,0,374,3,1,58
2011,298800,2,3,1,3,42,1,1,1,0,153,1,1,47
1981,100000,2,1,2,2,34,0,0,1,0,94,0,2,36
1973,615000,3,5,1,3,35,0,1,1,0,371,3,1,49
1989,265000,3,2,2,4,73,1,0,1,1,174,0,1,31
1950,215000,1,1,1,4,217,0,0,1,1,139,0,1,29
1986,460000,2,2,1,3,42,1,1,1,0,340,2,1,49
1887,200000,2,1,1,3,65,0,0,0,1,163,0,1,64
1974,300000,2,2,1,3,83,1,0,0,1,153,0,1,34
1939,530000,2,1,2,4,56,0,0,1,0,230,1,1,36
2023,497900,3,2,2,3,67,1,1,1,1,327,1,1,28
2005,200000,2,1,1,3,57,1,1,0,0,153,0,1,7
2013,580000,4,2,3,3,98,1,1,0,1,194,3,2,3
1966,350000,2,1,2,3,26,0,0,1,0,118,2,1,22
1976,565000,3,2,3,3,78,1,0,1,1,217,3,1,3
1927,541000,3,2,2,5,59,0,0,0,1,139,0,1,52
1973,300000,2,1,1,3,63,1,1,1,1,153,1,1,32
1975,125000,1,1,1,3,58,0,1,0,0,125,0,1,22
2005,279000,2,2,2,3,75,1,1,0,1,150,0,2,18
1950,89500,1,1,1,3,69,0,0,1,0,95,0,1,7
1978,230000,1,1,1,1,31,1,1,0,0,268,0,0,3
1981,500000,2,2,1,3,81,1,1,1,0,332,1,1,53
2015,360000,3,3,1,4,45,1,1,0,1,134,0,1,34
1970,370000,2,2,1,3,46,0,0,0,0,338,0,1,9
1995,368000,3,2,2,3,60,1,1,1,1,177,3,1,39
1975,240000,2,2,2,3,142,1,1,0,1,232,0,1,17
1934,300000,2,1,1,2,542,0,0,1,0,229,0,1,9
1954,75000,1,2,2,2,32,0,0,0,1,55,0,1,31
1950,232000,2,2,1,3,42,1,1,1,1,302,0,1,17
1985,210000,4,1,1,3,8,1,0,1,1,115,0,2,31
1940,705000,2,1,2,3,38,0,1,1,0,397,3,1,54
2015,405000,2,2,1,3,119,1,0,0,0,225,0,1,18
1976,276000,2,1,1,3,42,0,0,0,1,167,1,1,58
2000,280000,3,2,2,3,127,1,1,1,1,191,0,1,17
1910,99000,1,1,2,3,113,1,0,0,1,81,1,1,10
1978,235000,1,1,1,2,81,1,1,0,0,182,4,0,39
2009,395000,2,1,1,2,37,1,1,0,0,341,3,0,3
1995,170000,2,2,1,2,27,1,0,0,0,153,0,2,34
1948,180000,1,1,1,2,24,0,0,0,0,234,0,1,50
1955,326000,3,2,1,4,56,0,0,1,1,169,1,1,0
1993,410000,2,2,1,4,13,1,1,1,0,224,0,1,62
1993,515000,2,2,1,3,42,1,1,1,0,310,2,1,49
1983,287000,1,1,1,1,43,1,1,1,0,258,1,0,59
1854,330000,2,2,1,3,83,0,0,0,1,198,1,1,52
2007,745000,3,1,2,2,92,1,1,1,0,361,14,2,39
1923,320000,2,1,1,3,58,1,0,0,1,209,1,1,57
1999,570000,3,2,1,3,78,1,1,1,0,213,2,1,62
1953,562000,2,2,1,3,27,1,0,1,0,370,4,1,56
1930,505000,1,1,2,4,32,0,0,1,0,320,0,1,9
1966,169900,1,1,1,2,47,0,1,0,1,212,2,1,22
1959,430000,1,1,1,3,75,1,1,1,1,306,3,1,39
2023,442015,4,3,2,4,72,1,1,1,0,173,1,1,67
1985,468000,2,2,1,3,58,1,1,1,0,326,3,1,56
2001,324000,2,1,2,3,70,0,0,0,1,262,1,1,52
1932,315000,2,3,1,3,48,1,1,0,1,159,1,1,57
1887,147000,1,1,3,2,24,0,0,0,1,130,1,2,64
1982,417000,3,2,2,4,76,0,0,1,0,146,1,1,36
1910,770000,1,1,1,1,98,0,1,0,1,974,1,0,8
1928,165000,1,1,1,1,132,1,1,0,1,181,0,1,17
1949,159900,1,1,1,2,29,1,0,0,1,237,0,1,17
2000,280000,3,2,2,3,47,1,1,1,1,190,1,1,13
1952,450000,1,1,1,2,147,0,1,0,0,504,3,1,16
1965,210000,2,2,2,4,86,1,0,1,0,97,0,1,47
1981,115000,2,1,3,2,82,1,1,0,0,143,0,0,18
1969,575000,3,1,1,7,36,0,0,0,0,266,0,1,58
2017,401000,4,2,3,4,36,1,1,0,1,179,0,1,18
2014,400000,2,2,1,3,37,1,1,0,0,332,2,1,58
1924,315000,2,1,2,3,49,0,1,1,1,254,1,1,54
1995,465000,3,2,2,3,63,1,1,1,1,198,1,1,28
1973,174632,1,1,2,2,36,1,1,0,0,202,1,0,16
2019,359500,2,2,1,4,77,0,0,1,0,172,0,1,36
2003,250000,3,1,2,3,91,1,1,1,0,156,0,2,7
1985,375000,2,1,1,3,62,0,1,1,0,349,2,1,49
1965,335000,1,1,1,1,66,0,0,0,1,712,0,0,8
1947,263000,2,1,1,4,34,1,0,0,1,187,1,1,57
1920,145000,1,1,1,2,115,1,0,1,1,182,0,1,13
1976,375000,3,1,1,4,109,0,1,1,0,181,1,1,0
2003,349000,3,2,1,3,41,1,1,1,1,143,0,2,34
1964,115500,2,1,1,3,102,1,0,1,1,52,1,1,10
1979,430000,3,3,1,3,59,0,0,1,1,187,2,1,58
2008,725000,4,1,3,3,126,1,1,1,0,290,1,2,53
1974,999999,2,1,2,2,24,1,0,1,0,718,8,0,3
1925,589000,2,1,1,5,90,0,1,0,1,325,0,1,8
1950,599000,2,2,2,4,75,0,0,1,1,244,1,1,52
2000,290000,3,2,1,3,42,0,1,0,1,140,2,1,22
2021,780000,3,2,1,3,98,0,1,1,1,283,6,1,39
1954,135000,1,1,1,3,91,0,0,0,0,120,0,1,36
1920,295000,1,1,1,1,75,1,1,0,0,307,6,0,54
2018,226000,3,1,2,4,116,0,0,0,0,165,0,2,7
1959,350000,2,2,1,3,32,1,1,1,1,176,3,1,39
1922,130000,2,1,2,3,35,1,1,0,1,96,0,1,32
1923,138000,2,1,2,3,57,1,1,0,1,76,0,1,32
1976,135000,1,1,1,2,25,1,1,0,0,187,0,2,34
1928,327500,2,2,2,4,41,1,1,1,1,162,1,1,47
2008,390000,2,2,1,2,151,1,1,0,0,286,1,0,7
1900,220000,1,1,1,0,69,0,1,0,1,279,0,1,57
2005,299500,3,2,2,4,79,0,1,1,0,121,0,1,22
1982,235000,2,1,1,4,160,0,0,0,1,171,0,1,29
1998,205000,2,1,1,3,47,0,0,1,0,112,1,1,36
2005,270000,3,1,3,3,139,0,1,1,0,165,0,0,53
1988,123000,2,1,1,2,162,1,1,0,1,126,1,0,29
1923,999999,2,1,4,2,33,1,1,1,1,734,8,2,3
1989,540000,2,2,1,3,29,0,0,1,0,358,5,1,50
1984,238000,2,1,2,2,66,1,0,1,0,224,0,2,53
2003,400000,2,1,1,3,74,1,1,1,0,193,1,1,5
1972,527500,1,2,1,2,49,1,1,1,0,492,1,1,56
1981,259900,2,2,2,3,38,0,0,1,0,168,1,1,36
1970,236000,2,1,1,3,167,1,0,1,0,91,0,1,62
1992,295000,2,2,1,3,19,1,1,1,1,158,0,1,34
1956,495000,2,2,1,3,16,0,1,1,0,347,2,1,49
1966,74250,2,2,1,5,105,0,0,0,1,22,0,1,10
1926,203000,1,2,1,3,62,0,0,0,1,150,1,1,57
1980,525000,2,2,1,3,53,0,0,1,0,248,5,1,50
2019,825000,4,3,2,5,64,0,0,0,0,267,0,1,50
2006,331500,3,2,2,3,36,0,1,0,1,153,0,1,40
1979,340000,2,2,1,2,126,0,0,0,0,294,1,1,24
1946,380000,1,2,2,2,80,0,1,1,0,311,5,1,58
1942,315000,1,1,1,2,94,1,0,0,0,278,0,1,56
1968,130000,1,1,1,3,70,1,0,0,0,138,0,1,47
2001,366000,2,2,1,3,72,0,0,0,0,302,2,1,58
1980,490000,2,2,1,3,116,1,1,1,0,245,2,1,58
2005,707500,3,2,2,4,68,1,1,1,0,227,1,1,53
2023,599900,3,2,2,3,44,1,1,0,0,389,4,1,56
1952,330000,2,1,2,4,57,1,0,0,1,152,1,1,31
2023,718000,3,3,1,3,125,1,1,1,0,250,2,1,20
1957,208000,1,1,2,3,28,1,0,0,1,190,0,1,28
1950,467500,2,1,2,4,27,1,1,1,1,252,1,1,7
1980,333900,2,1,1,3,39,0,0,1,0,259,1,1,58
1965,57000,1,1,1,1,42,0,0,0,0,89,0,0,29
1994,325000,3,2,2,4,28,0,1,1,1,112,0,1,22
2001,470000,2,2,1,3,53,0,0,0,0,308,4,1,50
2006,530000,3,2,2,4,41,0,1,1,0,232,0,1,49
1920,142000,1,1,2,3,60,0,0,0,1,122,1,2,26
1950,127000,1,1,1,2,44,1,0,1,0,26,0,1,31
1974,513000,3,2,2,4,39,1,1,1,0,278,0,1,56
1954,140267,3,1,1,3,99,0,0,0,0,63,0,1,43
2007,895000,5,3,3,4,77,1,0,1,1,155,1,1,3
2006,330000,3,2,2,3,46,1,1,1,0,137,1,1,7
1992,497000,2,1,2,5,81,1,1,0,1,295,1,1,26
2006,455000,2,2,1,3,52,0,0,1,0,147,2,1,36
1959,259500,2,2,1,3,40,1,0,1,1,239,0,1,17
1952,145000,1,1,2,3,85,1,0,0,1,108,0,1,32
1953,354900,3,2,1,3,97,1,1,1,1,227,0,1,17
2003,368000,2,1,1,2,62,1,1,1,0,361,3,0,16
1945,245000,2,1,2,3,117,0,0,0,1,134,0,2,64
1961,145000,1,1,1,3,84,1,0,0,1,165,0,1,17
1985,311500,3,1,2,2,172,1,1,1,0,204,1,2,53
2004,318000,3,2,2,3,40,0,0,0,1,149,2,1,22
1997,165000,2,1,1,3,178,1,0,0,0,135,0,1,67
1989,465000,2,2,1,3,37,1,1,0,0,362,3,1,56
1957,162000,2,1,1,3,211,0,0,0,0,112,0,1,36
1989,148000,2,1,1,3,67,0,0,0,0,135,0,1,1
1945,188000,2,1,1,4,31,0,0,1,1,136,0,1,7
1965,159000,2,2,1,3,43,1,1,1,0,97,0,1,43
1965,270000,2,1,1,3,30,1,0,0,1,181,0,1,28
1990,313000,2,2,1,2,8,1,1,1,0,299,0,1,4
2004,527000,2,2,1,2,168,1,1,1,0,290,1,1,56
1971,185000,3,1,1,4,118,0,0,0,0,122,0,1,62
1900,700000,4,1,1,5,77,1,0,1,1,159,2,1,29
1993,858000,3,2,2,4,43,1,1,1,1,301,3,1,57
1993,500000,2,2,1,3,49,0,0,0,0,303,5,1,50
2018,558000,1,1,1,1,0,1,1,0,1,842,0,0,8
1950,530000,1,1,1,2,100,1,1,1,0,553,1,1,56
1925,759000,5,1,2,4,64,1,1,1,1,263,1,1,54
1980,279000,2,1,1,3,32,0,0,0,0,264,0,1,30
2013,300000,2,1,1,2,52,1,1,0,0,249,0,2,18
2022,379990,3,3,1,4,311,1,1,1,1,242,0,1,17
1952,245000,2,1,1,3,41,1,1,0,1,108,1,1,32
1948,266000,2,1,1,3,35,1,1,0,1,245,0,1,13
1979,140000,1,1,1,3,44,1,1,0,1,136,0,1,32
1974,424900,3,1,2,3,133,1,1,1,0,127,1,1,43
1950,115500,2,1,1,3,92,1,0,0,1,29,1,1,10
2000,480000,3,2,2,3,83,1,1,0,1,248,3,1,16
1989,360000,2,1,2,2,63,1,0,1,0,224,1,0,33
1978,234000,2,1,2,3,36,1,1,0,1,292,0,1,17
1972,69000,2,1,2,4,94,1,0,0,1,47,0,1,32
1910,220000,2,1,3,4,63,0,0,0,1,162,0,2,64
1930,275000,1,1,2,3,77,0,0,0,1,196,2,1,26
2006,356000,3,1,2,3,60,1,1,1,0,171,0,1,53
1995,315000,4,1,3,3,27,1,1,1,1,176,0,2,30
1963,68000,2,1,1,2,134,0,0,1,0,60,0,1,62
2017,575000,3,2,2,4,40,0,1,0,0,234,0,1,49
1992,510000,4,2,1,4,30,1,1,1,0,170,1,1,20
1987,665000,5,2,2,4,48,0,1,1,0,168,1,1,22
1890,255900,2,2,1,3,79,0,1,1,1,139,0,1,0
1955,370000,2,1,4,4,68,1,1,1,1,205,1,1,57
1947,472000,2,1,1,3,55,1,1,1,0,404,3,1,56
1991,255000,2,2,1,4,168,1,1,1,0,128,0,1,20
1875,219900,2,1,2,4,161,0,0,1,1,74,0,1,28
2002,320000,3,2,1,4,58,1,1,0,1,136,0,1,34
1951,419000,1,1,1,2,63,0,1,0,0,525,3,1,16
1969,330000,2,1,1,3,77,0,1,1,0,239,0,1,30
1891,195000,1,1,1,3,35,0,1,0,1,143,1,1,57
1947,487000,1,1,1,2,266,0,0,0,0,720,1,1,53
1949,89900,1,1,1,2,124,0,0,0,0,144,0,1,32
1920,85000,2,1,1,2,26,0,0,0,0,76,0,1,31
1981,162500,3,2,2,2,91,1,1,1,0,107,1,0,47
2002,375000,3,1,2,3,41,1,1,0,0,228,2,0,3
1960,371000,2,2,1,3,71,0,0,1,0,252,2,1,58
2002,385000,3,1,2,3,184,0,0,0,0,305,0,1,9
1925,152500,1,1,1,2,66,0,0,0,1,172,0,1,0
2007,241000,3,1,3,3,28,1,0,0,1,123,0,2,18
1920,247000,2,1,1,3,70,0,1,0,1,138,0,1,0
1910,150000,1,1,3,4,95,0,0,0,1,118,0,2,64
2006,440000,3,2,2,3,71,1,1,1,0,198,1,2,53
1984,325000,2,1,2,2,77,0,0,1,0,224,1,0,46
2005,388000,2,2,1,2,74,1,1,0,0,386,1,0,7
1947,355000,2,1,1,4,105,1,1,0,0,216,1,1,58
1952,214000,2,2,1,3,55,1,1,0,1,175,0,1,17
1959,371500,2,1,1,3,29,1,0,1,0,251,1,1,54
1978,421480,3,2,1,3,49,1,0,1,0,182,1,2,53
1957,300000,2,2,1,3,21,1,0,0,1,209,2,1,39
1856,240000,2,1,1,1,31,0,0,0,1,330,0,0,52
1966,68750,2,1,1,3,93,0,0,0,1,44,0,1,10
1962,415000,3,2,3,5,28,0,1,1,1,158,0,1,49
1951,765000,3,2,1,4,161,1,1,1,1,379,4,1,16
1924,79900,1,1,1,1,63,0,0,0,0,121,0,1,32
1987,385000,4,2,2,4,167,1,1,1,0,117,3,1,43
1985,550000,3,2,2,4,38,1,1,1,1,214,1,1,13
1984,163000,2,1,1,4,45,1,0,0,1,90,0,1,32
1997,820000,3,3,2,5,51,0,0,1,0,289,1,1,9
2005,690000,4,3,2,4,46,0,0,1,0,220,1,1,50
1955,522500,2,2,1,3,70,1,1,0,1,315,3,1,16
2003,240000,3,1,2,3,21,0,1,1,0,175,0,2,7
1984,162000,2,1,1,3,57,1,1,1,0,105,0,1,43
1978,374000,3,1,2,4,105,1,1,0,1,214,0,1,18
2023,434500,3,3,1,3,196,1,1,1,0,202,2,1,47
1971,95900,2,1,1,3,32,1,0,0,0,79,0,1,43
1983,555000,2,1,3,3,39,1,0,1,1,436,3,1,3
2017,460000,3,1,2,2,47,1,1,0,0,412,1,0,56
1966,253000,2,1,2,3,38,0,1,1,1,171,1,1,22
1984,217000,3,1,2,2,70,1,0,0,1,159,0,2,18
2021,430000,3,2,2,3,76,1,0,0,0,286,3,0,56
2005,165000,2,1,1,2,85,1,0,0,0,173,1,1,47
1961,305000,1,1,1,2,32,1,1,0,0,363,1,0,7
1989,675000,2,1,1,2,139,1,1,0,1,562,3,0,8
1970,155000,2,1,1,2,116,1,1,1,1,149,0,0,17
1996,355000,2,2,1,3,81,1,0,0,0,226,0,1,18
2008,332500,3,2,2,3,66,1,1,1,1,188,0,1,17
1965,440000,3,2,1,4,84,0,0,1,0,263,0,1,9
1978,925000,3,5,1,3,81,0,0,1,0,310,2,1,9
1958,375000,2,2,1,3,26,0,0,1,0,256,2,1,58
2001,345000,2,2,1,3,50,1,1,1,1,224,1,1,28
1980,199900,2,1,1,2,74,1,1,0,0,162,3,0,39
1979,675000,4,2,2,5,128,1,1,1,1,204,1,1,6
1926,325000,2,2,1,4,104,0,1,0,1,223,1,1,57
1973,140000,2,2,2,3,105,1,0,0,0,107,0,0,31
2021,429000,3,1,2,3,29,0,0,0,0,293,0,2,9
2002,270000,3,2,1,4,27,1,0,0,1,126,0,1,34
1966,61050,1,1,1,3,108,0,0,0,0,55,0,1,10
2005,350000,3,1,1,3,40,1,1,0,0,203,0,1,53
1971,375000,2,2,1,3,36,0,0,1,0,355,0,1,9
1974,117000,1,1,1,3,123,0,0,0,1,112,0,1,32
1967,200000,2,1,2,2,42,1,0,0,0,195,1,0,62
1955,134000,1,1,1,2,11,0,0,0,1,170,0,1,34
1973,205500,2,1,1,4,31,0,1,0,0,136,0,1,22
1989,412000,2,2,1,3,77,1,1,1,0,333,0,1,4
1943,827522,2,2,1,3,35,0,0,1,0,461,8,1,50
1986,263000,2,1,2,4,35,0,1,0,1,124,0,1,22
2001,297000,2,2,1,3,190,1,1,0,0,210,1,1,62
2017,320000,2,3,1,3,38,1,1,1,0,159,1,1,44
1954,380000,3,2,2,4,-3,1,1,0,0,176,0,1,12
1979,225000,3,2,2,3,59,0,0,1,0,137,1,1,36
1987,343000,2,1,1,2,56,1,0,0,0,310,3,0,3
2004,430000,4,1,2,3,43,0,0,1,1,125,3,1,22
1963,210000,2,1,3,2,20,1,0,0,0,167,0,0,7
1952,69500,1,1,1,2,43,1,0,0,1,96,0,1,17
2003,325000,3,2,2,3,29,1,0,0,0,125,1,1,31
1966,128700,2,2,1,3,92,0,0,0,1,95,0,1,15
1968,195000,2,2,1,5,169,1,1,0,0,86,0,1,43
1948,185000,2,1,1,2,43,1,1,0,1,214,0,1,17
1966,155000,2,1,1,3,37,1,0,0,1,121,0,1,61
1969,140000,2,1,1,3,35,1,0,0,0,88,0,1,43
1959,218829,2,2,1,3,15,1,0,0,0,156,1,1,31
1984,264900,4,1,1,2,42,1,1,1,1,167,1,0,13
1908,718750,3,1,2,4,51,1,1,1,1,360,4,1,16
1989,703125,4,2,4,4,76,1,0,1,1,148,1,1,28
1971,120000,2,1,1,3,91,1,0,0,0,68,0,1,43
2004,151000,3,1,2,3,65,1,1,0,0,124,0,0,62
1987,335000,2,1,1,3,38,1,1,0,0,217,0,1,53
1960,750000,3,2,1,3,37,1,0,1,1,291,4,1,16
1965,285000,2,1,2,4,47,0,1,0,1,163,0,1,18
1982,284900,3,1,2,3,34,1,1,1,0,158,1,2,62
1994,284500,2,1,1,4,48,1,1,1,0,133,2,1,43
2005,214000,2,2,1,3,65,1,1,1,0,127,1,1,61
1951,441000,1,1,1,2,36,1,1,1,0,360,1,1,54
2001,260000,2,1,1,4,46,1,1,1,0,137,2,1,43
2011,445000,2,2,1,3,35,1,1,0,0,207,1,1,63
1955,65000,2,1,1,3,195,1,0,0,0,45,0,1,43
1942,135000,1,1,1,2,37,0,1,0,1,125,0,1,32
1944,110000,1,1,1,2,57,1,1,0,1,132,0,1,32
2016,540000,2,2,1,3,22,0,1,0,0,345,2,1,49
1978,165000,2,1,1,3,137,0,0,0,0,114,1,1,22
1967,399000,3,1,2,4,63,1,1,1,1,202,0,1,53
1978,619000,3,3,2,3,119,0,1,1,0,247,3,1,49
1995,425000,2,2,1,4,47,1,1,1,0,224,0,1,62
1981,380000,3,1,3,4,103,1,1,1,1,230,0,2,3
2000,250000,2,1,2,4,51,0,1,0,0,154,0,1,22
1930,340000,2,1,2,3,74,0,0,0,1,139,1,1,52
1950,253000,1,3,1,3,91,1,0,1,1,186,0,1,17
2000,180000,2,1,1,3,59,1,1,1,0,168,0,1,12
2015,364500,3,2,1,3,52,1,0,1,1,158,0,2,34
1900,160000,1,1,1,2,78,1,0,0,1,185,0,1,34
1948,266900,2,1,1,3,54,1,1,1,0,163,0,1,28
1920,102000,2,1,2,3,61,0,0,1,0,75,0,1,54
2004,762000,3,1,2,5,65,1,0,1,1,292,0,2,55
2018,750000,4,3,2,4,63,1,0,1,0,274,1,1,53
2021,227500,2,1,1,2,-1,1,1,0,0,169,1,1,21
1882,60000,1,1,1,2,114,0,0,0,1,87,0,1,57
1953,265000,2,1,1,3,57,0,0,1,1,123,1,1,52
1930,374000,2,1,1,3,60,0,0,1,1,262,2,1,58
1927,221500,1,1,1,2,60,0,1,0,1,256,1,1,57
1998,415000,4,3,2,3,95,1,1,1,1,122,1,1,34
1970,255000,2,2,2,3,39,0,0,1,0,170,1,1,36
1925,425000,3,1,1,5,56,0,1,1,1,116,1,1,29
1969,145000,2,1,1,3,28,1,1,0,0,70,0,1,43
2016,460000,3,2,2,3,53,1,1,1,1,229,3,1,66
1920,400000,1,1,1,3,69,0,0,0,1,380,0,1,8
1988,520000,2,2,1,4,43,1,1,1,0,201,1,1,62
1958,237000,2,1,1,3,50,1,0,0,1,115,0,1,28
1995,362000,3,3,1,4,63,1,1,1,0,142,0,1,20
1887,127000,1,1,2,2,115,0,0,0,1,126,1,2,64
1975,430000,2,1,3,4,64,1,1,1,1,231,0,1,3
1992,236500,2,2,1,3,84,0,0,1,0,147,1,1,36
1960,232000,1,1,2,2,113,1,1,0,0,204,1,0,7
2006,388000,3,2,2,4,51,0,0,1,1,151,1,1,36
1828,260000,1,1,3,1,53,0,0,0,0,625,0,0,52
1951,203000,2,2,1,3,57,1,0,0,1,115,1,1,57
1966,59400,2,1,1,3,69,0,0,0,1,42,0,1,11
1930,283000,3,1,3,5,85,0,0,0,1,128,0,1,18
1997,437000,3,2,2,3,33,1,1,1,0,212,1,1,53
2019,343000,1,1,2,1,230,0,0,0,0,547,1,0,56
1961,265000,2,1,1,3,-7,1,1,0,0,167,0,1,12
1965,271000,2,1,1,3,50,1,1,0,1,271,0,1,0
1999,215000,2,1,1,2,66,1,0,0,1,123,0,1,34
1910,610000,1,1,1,2,128,0,1,0,1,948,3,0,8
1984,200000,3,3,2,2,19,1,1,0,0,184,1,2,62
1985,380000,3,2,2,4,111,1,1,1,1,194,0,1,19
1917,239000,1,1,1,2,81,0,0,0,1,229,1,1,57
2005,385000,3,2,2,4,65,1,1,0,1,194,0,1,39
1973,415000,2,2,1,3,145,0,0,1,0,208,4,1,50
1992,667500,3,6,2,3,106,1,1,1,0,219,3,1,49
1968,136000,2,2,1,3,61,1,0,0,0,77,0,1,43
2021,585000,3,2,2,4,104,1,1,1,1,211,0,1,18
1966,125000,2,1,1,3,32,0,0,0,1,47,0,1,22
2017,465000,4,2,2,3,76,1,1,0,1,210,3,1,66
1921,172900,1,1,1,2,59,1,1,0,1,195,0,1,17
2014,261900,2,2,1,3,38,1,0,0,0,146,1,1,47
1996,625600,3,2,1,4,32,0,0,0,0,292,1,1,50
1980,435000,4,2,2,4,77,1,1,1,1,127,0,1,34
1986,147000,2,1,1,3,77,1,0,0,0,89,0,1,43
1951,290000,3,2,1,3,44,0,0,1,1,92,1,1,29
1972,292000,3,2,2,4,79,1,1,1,1,145,0,1,13
1989,178000,1,1,1,2,44,1,1,1,0,169,0,0,0
1923,232000,2,1,2,3,96,0,1,0,1,133,0,1,28
1910,910000,1,1,1,2,105,1,1,0,1,1034,5,0,8
2014,641450,3,2,2,5,92,0,1,1,0,197,0,1,53
1972,320000,2,1,2,2,168,1,1,0,0,232,1,0,54
1953,985000,2,1,2,4,27,1,1,1,1,533,1,1,3
1981,466000,1,1,1,2,49,1,1,1,1,431,3,0,16
2002,435000,3,2,1,4,36,1,1,1,1,181,0,1,39
1954,109000,1,1,1,2,50,0,0,0,1,151,0,1,17
1956,395000,2,2,1,3,48,0,0,1,0,290,2,1,58
2004,405000,3,1,2,5,103,1,0,1,0,131,0,1,18
2021,455000,3,2,2,3,69,1,1,0,1,283,3,1,66
2002,575000,3,2,2,4,113,1,0,1,0,257,1,1,56
1990,395000,3,1,2,2,57,1,0,1,0,342,1,1,7
1947,405000,2,1,2,3,91,1,1,0,1,310,3,1,39
1954,99100,1,1,1,2,44,1,1,0,0,102,0,1,12
1966,191500,2,1,2,3,113,0,0,0,1,142,0,1,0
1966,159900,2,1,1,3,89,0,0,0,0,91,0,1,36
1993,421000,4,2,1,3,94,1,0,1,1,171,2,1,31
1994,241500,3,1,2,3,40,1,0,0,0,150,0,2,28
2000,519000,2,2,1,2,70,1,1,1,1,228,3,1,37
2007,220000,2,2,1,3,87,1,0,1,0,151,1,1,31
2001,335500,2,2,1,3,-1,0,0,0,0,190,0,1,9
2001,750000,3,3,2,4,113,1,0,0,0,418,2,1,58
1979,197000,2,1,2,3,98,1,1,1,1,102,0,1,32
2001,350000,2,2,1,3,36,1,1,1,0,212,1,2,62
2008,220000,2,2,1,2,62,0,0,0,0,148,2,0,22
1968,68250,2,1,1,3,99,1,0,0,0,26,0,1,43
1951,225000,1,1,1,2,107,1,0,1,1,173,0,1,28
1908,224325,2,2,1,3,35,0,1,1,1,134,1,1,57
1974,450000,2,3,2,4,50,0,1,1,0,284,0,1,49
2001,200000,1,1,2,3,174,0,0,0,1,154,0,2,64
2008,185000,2,2,1,3,30,1,1,0,0,168,1,1,51
1999,450000,4,2,1,4,-125,1,1,1,0,170,1,1,12
1962,165900,1,1,1,3,52,1,0,1,0,158,0,1,31
2006,205000,1,1,1,1,44,1,1,0,0,238,6,0,39
1985,154900,2,1,2,3,43,1,0,0,0,145,0,2,18
1994,310000,3,1,2,4,102,1,1,1,1,117,1,1,32
1977,278000,2,1,1,4,159,1,1,1,0,149,0,1,62
2002,200000,1,1,1,2,98,1,1,0,0,188,0,1,0
2011,448000,2,3,1,4,49,0,0,0,0,205,1,1,50
1963,335000,3,2,2,4,66,1,1,1,0,181,0,1,18
1978,550000,3,2,2,4,34,1,1,1,1,345,0,1,3
1998,129900,2,2,1,3,28,1,1,1,0,87,0,1,43
2002,225900,3,1,2,3,73,1,1,1,0,149,0,2,7
1910,524950,3,1,2,3,31,1,1,0,0,262,2,1,54
1999,448700,4,2,2,3,78,1,0,1,1,173,3,1,39
1974,265000,1,1,1,3,44,1,0,0,1,242,0,1,18
1951,525000,2,1,1,3,65,1,1,0,0,388,3,1,16
1967,359900,2,1,1,3,57,0,0,1,0,228,3,1,50
1917,225000,2,1,1,3,450,0,1,0,1,192,1,1,29
1941,272000,2,1,2,3,77,1,1,0,1,197,0,1,17
1910,420000,2,1,1,2,96,1,1,0,0,417,8,0,39
1960,59000,2,1,1,4,218,0,0,0,0,54,0,1,62
1969,103000,2,1,1,3,57,0,0,0,0,92,0,1,36
1956,75000,1,1,1,3,14,1,1,0,1,55,0,1,32
2018,245000,2,2,1,2,90,1,1,0,0,204,0,2,34
1915,180000,2,1,3,4,27,0,0,0,1,146,0,2,64
1950,800000,1,2,2,2,52,1,1,1,0,403,2,1,56
2000,637500,3,2,2,4,132,0,0,1,1,177,1,1,22
2016,495000,2,2,1,4,195,0,0,1,0,262,1,1,58
1919,505000,2,1,2,3,27,1,1,1,1,218,2,2,54
1950,100000,1,1,1,3,106,0,0,0,1,67,0,1,43
2016,267500,2,2,1,3,77,1,1,1,0,154,0,1,20
1940,359900,1,1,2,3,147,1,1,1,1,209,2,1,58
1959,305000,2,1,1,3,39,1,1,0,0,150,1,1,12
1930,300000,1,1,2,3,29,0,0,0,1,235,1,1,52
1966,405000,2,2,1,4,228,0,1,1,0,160,0,1,22
1976,200000,1,1,1,3,83,0,0,1,0,112,1,1,22
1976,324900,2,2,1,5,41,1,0,0,1,153,0,1,34
1969,86500,1,1,1,3,18,1,0,0,0,82,0,1,12
1947,450000,2,1,2,3,21,1,1,1,1,294,2,1,3
1983,215000,2,2,1,3,36,1,1,1,0,125,1,1,47
1997,512500,2,3,1,3,87,1,1,1,0,236,2,1,49
1996,415000,3,2,2,4,74,1,0,1,0,212,0,1,53
1962,300000,4,1,1,4,44,1,0,1,0,171,1,1,0
1995,250000,2,2,1,3,103,1,1,1,0,152,1,1,61
1966,184900,2,1,1,3,34,0,0,0,0,148,1,1,22
1952,163000,1,1,1,2,53,1,0,0,0,176,1,1,47
1978,210000,3,2,2,2,39,1,1,0,0,179,1,2,57
1922,379000,2,1,1,3,-2,0,0,0,0,229,1,1,36
1981,560000,3,3,2,3,39,1,0,1,0,194,1,1,53
1900,555000,3,1,4,4,91,1,0,1,1,146,0,1,3
2020,300000,3,1,2,2,76,1,0,0,0,238,2,1,31
1999,172000,2,1,1,3,121,1,0,0,0,151,0,1,62
1998,292000,2,2,1,3,70,0,1,1,0,189,2,1,22
1940,100000,1,1,1,2,77,1,1,0,1,137,0,1,28
2001,245000,2,1,1,3,32,1,1,0,0,244,1,1,54
1966,220000,1,1,1,3,95,0,1,0,0,122,0,1,12
2019,645000,3,3,1,4,91,0,0,1,0,276,2,1,58
1977,150000,3,2,2,4,63,0,0,1,0,70,0,1,36
1964,465000,2,2,2,3,-1,0,0,0,1,195,2,1,58
1985,158000,1,1,1,2,19,0,1,0,0,214,3,0,39
1964,480000,2,1,1,3,49,0,1,1,0,256,2,1,49
2004,347000,2,2,1,3,111,0,1,0,0,271,2,1,58
1948,214400,1,1,1,3,51,0,0,0,0,191,1,1,58
1920,420000,1,1,1,2,74,1,1,1,0,386,1,1,7
1996,530000,4,2,2,3,-2,1,0,1,0,193,2,1,31
1920,107000,2,1,2,4,14,0,0,0,1,69,0,1,13
1964,988750,5,2,2,5,68,1,1,1,1,260,1,1,7
1896,415000,1,1,1,1,90,1,1,0,0,626,1,0,16
1966,133000,3,1,1,3,52,0,0,0,1,85,0,1,22
2001,826000,3,3,1,3,31,0,0,1,0,324,1,1,9
1900,730000,3,2,2,3,78,0,1,1,0,287,3,1,54
1980,118000,2,1,1,2,51,1,1,0,0,118,0,0,18
2019,290000,2,1,1,3,82,1,0,0,0,232,0,1,53
1996,372500,2,1,2,2,42,1,0,0,0,236,3,0,3
1957,262500,2,1,1,4,39,1,1,0,1,187,1,1,57
1989,163000,2,2,2,2,3,0,0,1,0,108,1,0,31
1905,496000,2,1,2,2,37,1,1,1,1,352,4,0,16
1950,155350,1,1,1,2,35,1,0,0,0,182,0,1,34
1995,246500,3,1,2,2,70,1,0,1,0,200,0,2,53
1900,420000,1,1,1,2,126,0,0,0,1,530,2,0,8
1950,240300,1,1,1,2,75,1,1,1,1,218,0,1,0
1986,161500,2,1,2,2,57,1,0,1,0,172,1,0,31
1920,305000,2,1,3,4,90,1,1,1,1,131,0,1,28
1978,340000,3,1,2,4,41,1,0,0,1,168,0,1,18
2013,485000,3,2,2,3,86,1,1,1,0,227,2,2,54
2007,490000,2,2,1,3,27,0,0,1,0,303,1,1,9
1958,292500,2,1,1,3,28,0,0,1,0,194,1,1,54
2018,560000,1,1,1,1,-6,1,1,0,1,760,0,0,8
1940,415000,1,2,1,3,39,1,1,1,0,321,3,1,56
2004,515000,3,2,2,4,100,0,1,1,0,142,0,1,54
1973,75000,2,2,1,3,54,0,0,0,0,48,0,1,36
1992,460000,3,2,3,3,23,1,0,0,1,193,2,1,3
1997,194628,2,2,1,3,30,1,1,0,0,159,0,1,62
1972,95000,2,1,1,2,-4,1,0,0,1,86,0,1,32
1970,145000,1,1,3,3,85,0,0,0,1,80,0,2,64
1973,519450,2,3,1,3,85,0,1,1,0,276,2,1,49
1991,410500,2,2,1,3,54,0,0,0,0,313,2,1,58
1984,169000,2,1,1,3,75,0,0,0,0,93,0,1,43
1936,345000,1,1,1,1,29,0,1,0,1,584,1,0,16
2023,280000,2,2,1,3,63,1,1,0,0,216,1,1,47
2022,425000,2,2,1,3,69,1,1,0,0,269,1,1,53
1937,325000,2,1,1,3,194,1,0,1,0,224,1,1,27
1956,106000,1,1,1,3,69,0,1,0,0,123,0,1,42
2003,430000,3,2,2,4,90,1,1,1,1,195,0,1,18
1943,261250,1,1,1,4,50,0,0,0,1,250,0,1,29
1942,97000,1,1,2,2,13,0,0,0,1,85,0,1,17
1925,335000,2,1,1,3,64,0,0,1,1,152,1,1,58
1930,315000,1,1,2,3,57,0,0,0,1,218,1,1,52
1953,107000,1,1,2,3,21,1,0,0,1,87,0,2,28
1961,293000,3,1,2,4,52,0,1,0,1,114,0,1,22
2001,220000,3,2,2,3,60,1,0,1,0,115,1,1,31
2007,150000,2,2,1,3,33,0,0,1,0,108,0,1,38
1940,600000,1,1,1,1,62,0,1,0,0,833,1,1,49
1950,689000,2,2,2,4,37,1,0,1,0,386,1,1,56
2004,660000,4,2,1,4,88,1,1,1,0,201,1,1,62
1940,258000,2,1,2,3,140,0,0,0,1,130,1,1,22
2020,425000,2,2,2,2,55,1,1,0,0,281,3,1,16
1952,270000,1,2,1,4,66,0,1,1,1,208,1,1,37
1963,169900,2,1,1,4,40,1,0,1,0,104,0,1,47
1977,169500,2,2,1,3,43,0,1,1,0,112,0,1,62
1980,565000,3,1,2,5,36,1,1,1,1,314,0,1,7
1941,529900,3,2,1,3,76,0,0,1,1,280,3,1,58
1966,88000,1,1,1,3,98,1,0,0,1,85,0,1,10
1960,207000,2,1,1,3,40,1,0,1,1,128,0,1,13
2021,252000,3,1,2,3,55,1,1,0,0,140,0,1,12
1972,800000,3,6,2,3,55,0,0,1,1,394,1,1,9
1921,260000,1,1,2,3,134,0,0,1,1,223,1,1,49
1994,283000,2,2,1,4,54,1,1,1,0,136,2,1,43
1922,248000,2,1,1,3,55,1,1,0,1,151,1,1,57
1992,410000,2,1,1,2,36,1,1,0,0,332,3,2,3
1975,245000,2,2,2,3,32,1,1,0,1,160,0,1,34
1962,428000,2,1,1,5,52,1,0,0,1,211,1,1,16
1952,429000,2,2,1,4,93,0,0,1,0,239,1,1,58
1912,485000,2,1,2,2,53,1,1,0,0,405,4,0,16
2003,350000,3,2,2,3,53,1,0,1,1,185,1,1,28
1989,310000,3,1,1,4,150,1,1,1,0,98,3,1,43
1977,370000,3,1,2,3,43,1,1,1,0,243,2,2,3
2007,570000,4,2,2,5,46,1,1,0,0,192,0,1,62
1952,595000,2,2,1,3,66,1,1,1,0,516,4,1,56
2004,320000,2,2,1,3,33,1,1,1,0,128,0,1,43
1996,644000,4,3,2,6,131,1,1,1,1,160,0,1,34
2002,449000,3,2,2,4,87,1,0,1,0,225,1,1,58
1925,225000,2,1,2,3,32,1,1,1,1,111,0,1,34
2005,350000,2,1,1,2,101,1,1,0,0,330,1,0,7
1993,271000,3,1,2,3,42,1,1,0,1,225,0,1,23
1995,789900,3,3,2,3,79,1,1,1,0,292,4,1,49
1925,75000,1,1,1,2,40,0,1,0,1,96,0,1,32
1987,260000,3,2,3,2,78,1,1,0,1,176,0,1,28
1993,560000,3,2,2,4,56,0,0,1,0,217,0,1,9
1933,259900,2,1,2,3,43,1,1,1,1,132,0,1,34
1978,320000,2,2,1,3,58,0,1,0,1,223,2,1,39
1920,298897,1,1,1,2,40,0,1,1,0,230,1,1,54
1925,545000,2,2,2,4,87,1,0,1,1,205,2,1,57
1954,125000,2,1,1,3,56,1,1,0,0,85,0,1,32
1986,777000,4,1,1,6,106,1,1,1,1,187,0,1,3
1990,400000,3,1,2,3,42,1,1,1,0,247,1,1,53
1965,60000,1,1,1,1,81,0,0,0,0,109,0,0,29
1979,469000,2,2,1,4,53,1,1,1,0,308,0,1,56
1963,307000,2,2,1,4,67,1,1,0,1,205,1,1,57
1991,277000,3,2,2,3,41,1,1,0,1,176,0,1,34
1940,235000,1,2,1,4,73,0,1,0,1,148,0,1,0
1994,325000,2,2,1,3,34,1,0,0,0,156,0,1,18
1967,360000,2,1,2,4,81,1,1,1,0,176,1,1,45
2020,263626,2,2,1,3,165,1,1,0,0,140,1,1,21
1974,190000,1,1,1,3,58,1,0,0,1,182,0,1,25
1981,430000,3,2,2,4,48,1,1,1,0,176,0,1,62
1896,250000,2,2,3,4,36,0,0,0,1,131,0,1,64
1925,106000,1,1,2,3,57,0,0,0,1,126,0,2,64
1962,150000,2,2,1,3,76,1,1,1,0,81,0,1,43
1928,747000,4,2,2,4,90,1,1,1,1,240,3,1,57
1946,335000,2,1,2,3,84,1,1,0,1,204,0,1,17
1902,188000,2,1,3,4,-1,0,0,0,1,93,0,2,64
2003,300000,2,3,1,3,0,1,0,1,0,134,1,1,61
1960,185000,1,2,1,3,76,1,0,0,1,184,0,1,17
1972,623000,2,2,2,4,109,1,1,1,1,261,3,1,16
1850,339000,1,1,1,3,54,0,1,0,0,250,1,1,14
1967,640000,3,2,1,3,187,0,0,1,0,276,1,1,9
1964,390000,2,1,1,3,56,0,1,0,1,213,2,1,16
2011,550000,3,2,2,4,31,1,1,1,0,230,0,1,49
1999,505000,3,2,2,4,121,1,0,0,0,196,0,1,18
2006,335000,3,2,1,6,67,1,1,0,0,108,0,1,12
1925,487000,2,1,1,3,46,0,1,0,1,275,3,1,16
1988,355000,4,2,2,6,39,1,1,0,1,127,0,1,34
2006,345000,2,1,1,3,117,0,1,0,0,154,1,1,12
2007,487000,3,2,2,3,207,1,1,1,0,211,2,1,58
1972,415000,5,1,2,4,87,0,0,1,1,113,0,1,22
1940,62500,1,1,1,2,31,0,0,0,1,76,0,1,32
2020,515000,4,2,2,3,64,1,0,1,1,219,3,1,66
2016,275000,2,1,1,3,30,0,1,0,0,184,1,1,22
1958,629000,3,2,1,4,39,1,1,1,1,254,1,1,39
1973,349500,1,1,2,3,62,1,0,0,1,325,3,1,39
1981,498500,2,2,1,3,188,1,0,0,0,220,2,1,58
1922,172000,2,1,1,2,39,1,1,0,1,159,0,1,17
1971,575000,3,2,1,3,106,0,0,1,0,307,1,1,9
1980,310000,1,1,1,1,49,1,0,0,0,414,1,1,53
1966,125000,1,1,1,3,52,0,0,0,0,107,0,1,22
1997,459900,4,1,3,3,54,1,1,1,1,218,2,0,3
1982,328500,1,1,1,1,44,1,1,1,0,386,1,0,16
1890,585000,2,1,1,3,71,0,1,0,1,472,1,0,8
2009,490000,3,2,1,3,41,1,1,1,0,194,1,1,62
1991,234900,2,2,1,3,56,1,1,1,0,188,0,1,62
1973,220000,2,1,1,3,108,1,0,0,0,154,0,1,41
2000,383000,3,1,2,3,49,1,1,1,0,248,1,1,53
1958,465000,2,1,3,3,76,1,0,0,0,287,4,1,26
2008,635000,2,1,1,2,45,1,0,0,0,326,5,0,3
1938,195000,1,1,2,4,60,0,0,0,1,129,0,1,28
1964,160000,1,1,1,3,14,0,0,0,0,124,0,1,54
1978,599000,3,1,2,4,173,1,1,1,1,276,0,1,3
1989,640000,2,2,2,2,86,1,0,1,1,242,2,2,34
1999,509000,3,2,2,3,46,1,1,1,0,218,1,1,53
1940,63000,2,3,1,4,42,0,0,0,0,28,0,1,36
2010,705000,3,2,1,3,164,1,1,0,0,414,2,0,7
1948,330000,1,1,1,2,64,0,0,1,1,184,4,1,58
1917,153000,1,2,1,2,57,1,0,0,1,190,0,1,17
1984,220000,2,2,1,3,43,1,0,1,0,166,1,1,47
2007,289000,3,2,1,2,-4,1,0,0,0,148,2,0,19
1958,115000,1,2,1,3,73,1,0,1,0,95,0,1,13
1955,86000,2,1,1,3,68,0,0,0,0,63,0,1,10
2000,396500,3,2,2,4,120,0,0,1,0,169,1,1,36
1962,153000,2,2,1,3,93,1,1,1,0,104,0,1,47
2010,670000,2,3,1,1,106,1,1,0,0,509,2,0,7
1968,395000,3,2,1,3,44,0,1,0,1,147,3,1,39
1966,784000,3,2,1,4,94,1,1,1,1,287,4,1,16
2000,709900,2,2,1,3,85,1,1,1,0,328,3,1,49
1953,283500,1,1,1,3,92,1,1,0,1,277,0,1,0
2002,339000,2,3,1,3,114,1,1,1,0,139,1,1,20
1955,390000,2,1,1,3,73,0,0,0,0,238,4,1,50
2020,335000,3,1,2,3,73,1,1,0,0,213,1,1,54
2016,490000,3,2,3,2,35,1,1,0,0,337,1,0,56
1934,250000,1,1,1,2,23,0,0,0,0,378,0,1,9
2021,669000,4,3,1,5,35,1,0,1,1,199,0,1,34
1938,440000,1,1,2,2,41,0,1,1,0,364,1,1,49
1980,250000,2,1,1,3,58,1,0,0,0,253,0,1,18
1989,475000,3,1,2,4,35,1,1,1,0,252,0,1,30
1984,395000,2,1,1,2,35,1,1,0,0,411,3,0,16
1931,310000,1,1,1,1,91,0,0,0,1,434,0,0,16
1987,655000,2,2,1,3,0,1,0,1,0,283,3,1,31
1981,158000,1,1,1,3,54,1,0,0,0,121,0,1,31
1977,370000,1,2,1,3,124,0,0,0,0,355,2,1,58
1985,225000,2,1,2,3,32,1,1,1,0,142,0,2,7
2005,525000,2,1,1,2,218,1,1,0,0,323,1,0,53
1930,277875,2,1,1,4,75,0,1,1,1,170,1,1,0
2005,235000,2,2,1,3,0,1,0,1,0,158,1,1,31
1969,328350,3,2,2,4,85,1,1,1,1,119,0,1,34
1993,330000,4,2,2,4,46,1,0,1,1,129,1,1,31
1991,244500,2,1,1,2,31,1,1,1,0,208,1,2,62
1966,260000,3,2,1,3,34,0,1,1,1,113,1,1,22
2005,400000,4,2,3,4,78,1,0,1,0,222,1,0,64
1993,340000,3,3,1,3,70,1,0,1,0,123,1,1,67
1949,360000,1,1,1,2,92,1,1,0,0,455,3,1,16
1958,65000,1,1,3,2,84,0,0,0,0,99,0,0,29
1968,655000,3,2,2,4,141,0,1,1,0,195,3,1,16
1966,295000,2,1,1,3,125,1,1,1,0,203,1,1,62
1960,223000,1,1,1,3,63,1,1,1,0,126,1,1,47
1955,62000,2,3,1,2,219,0,0,0,0,68,1,1,10
1992,470000,2,2,1,3,105,0,1,1,0,290,2,1,49
1943,305000,2,1,1,3,-4,0,0,0,0,220,1,1,36
1965,220000,1,1,1,1,41,1,1,0,0,279,0,0,7
1900,285000,2,1,2,3,99,0,0,0,1,192,2,2,26
1910,550000,1,1,1,2,63,0,1,0,1,521,3,0,8
1966,138000,1,1,1,3,104,0,0,0,0,138,0,1,22
2019,460000,3,2,2,3,35,1,1,0,0,260,1,1,62
1988,194900,2,1,2,2,43,1,1,0,0,203,1,2,62
1978,270000,2,2,1,2,112,1,1,1,0,196,5,0,39
1979,364900,1,1,1,2,149,0,1,1,0,315,0,1,49
1929,110000,1,1,2,2,25,0,0,1,1,124,0,1,32
1995,651000,3,4,1,3,32,1,1,1,1,184,5,1,39
1994,689900,2,3,1,4,66,0,0,1,0,283,1,1,9
2001,460000,2,2,1,3,91,0,0,0,0,343,1,1,9
2006,280000,2,1,1,2,145,1,0,1,0,221,0,0,53
1973,440000,2,2,1,3,147,0,0,1,0,224,1,1,9
1983,314000,2,1,3,1,30,1,1,1,1,289,0,2,3
1960,340000,4,1,2,4,59,0,1,1,1,100,0,1,22
2023,380000,3,3,1,4,65,1,1,1,0,183,1,1,67
1920,670000,3,1,1,8,52,0,1,1,1,226,0,1,8
1946,345000,1,1,1,2,135,0,0,1,0,323,1,1,9
1964,465000,2,2,1,3,65,0,0,1,0,270,1,1,9
1920,320000,2,2,2,6,47,0,0,0,1,155,0,1,52
1930,150000,1,1,1,3,46,1,1,0,0,130,0,1,12
1960,95000,1,1,1,3,30,1,0,0,0,102,0,1,47
2003,162450,1,1,1,3,144,0,1,0,1,161,0,1,32
1977,360000,4,2,2,3,41,1,1,1,0,101,1,1,47
1971,205000,2,1,1,3,27,1,1,1,1,183,0,1,28
1923,350500,1,1,1,2,63,1,0,1,1,214,5,1,58
1954,120000,1,1,1,3,45,1,1,0,0,138,0,1,2
1993,498000,2,2,1,3,47,0,0,1,0,368,5,1,50
2013,810000,3,4,2,3,109,0,1,1,1,269,2,1,20
1907,200000,2,1,3,5,91,0,0,0,1,101,0,2,64
1977,369900,2,2,1,3,65,0,0,1,0,273,2,1,58
1951,250000,1,1,1,2,56,1,1,0,1,252,1,1,57
1965,69750,1,1,10,1,17,1,1,0,0,107,0,0,29
1989,402000,4,1,2,4,51,1,1,0,1,91,1,1,32
1964,106000,2,1,1,4,74,1,0,0,0,45,1,1,43
2003,222000,2,1,1,3,52,0,0,1,0,132,1,1,36
1940,575000,4,1,2,3,113,0,1,1,1,232,2,1,54
1981,285000,1,1,1,2,116,0,1,0,0,274,5,0,39
1954,149900,1,1,1,3,30,1,1,1,0,86,0,1,43
1974,570000,2,2,2,4,68,0,0,0,0,246,0,1,49
2004,195000,2,1,1,3,133,0,1,0,0,138,1,1,22
2005,275000,3,1,2,3,159,1,0,0,0,158,0,2,18
1998,480000,5,1,2,5,35,1,1,0,1,97,1,1,32
1976,269000,3,2,2,3,42,1,1,0,1,149,0,1,34
1963,309900,3,2,1,4,67,1,0,1,0,136,1,1,47
1982,375000,3,1,2,3,71,0,1,1,0,226,0,1,53
1965,144000,1,1,2,2,86,0,1,0,1,146,1,2,57
1968,470000,3,2,2,3,91,0,1,1,1,220,2,1,49
2004,874900,6,2,2,5,93,1,1,1,0,200,1,1,53
1910,280000,2,1,2,3,125,1,0,0,1,218,0,1,64
1967,185000,2,1,1,3,80,1,1,0,1,77,0,1,32
2003,430000,3,1,2,3,81,0,1,1,0,317,2,1,49
2020,415000,3,2,2,3,77,0,0,0,0,273,0,2,9
2002,650000,3,2,1,3,26,1,1,1,0,308,1,0,53
1993,269000,2,2,1,3,42,1,0,1,0,139,1,1,31
1979,205000,2,1,1,3,128,1,0,1,0,191,0,1,53
1976,229900,1,1,1,2,159,1,1,0,0,201,4,0,39
1925,132000,2,1,1,4,110,1,0,0,1,60,0,1,10
1960,250000,2,1,2,3,61,1,0,0,1,108,0,1,18
1897,222000,3,1,2,4,71,0,1,1,1,128,0,1,57
2016,980000,4,1,2,4,0,0,0,1,0,263,2,1,36
1880,230000,1,2,1,2,82,1,1,1,1,208,2,0,29
2001,209000,2,2,1,3,46,1,1,1,0,150,1,1,47
2003,272500,2,3,1,3,81,1,1,1,0,125,1,1,47
2005,515000,2,2,1,3,159,0,0,1,0,278,1,1,9
1966,154000,1,1,1,2,83,1,0,0,0,194,0,0,7
1953,226500,2,1,1,3,137,0,1,0,1,199,1,1,57
1956,420000,2,2,1,4,39,1,0,1,1,217,0,1,60
1981,148800,2,1,2,3,20,0,1,0,1,90,0,1,32
1959,210000,2,1,1,3,37,1,0,0,1,130,0,1,28
1963,375000,2,1,1,4,36,1,1,1,0,258,0,1,30
1978,206000,3,2,2,2,124,1,0,1,1,140,0,1,34
1940,322000,1,1,1,2,41,1,0,1,1,310,2,1,31
1957,125000,1,1,1,3,60,1,0,0,0,90,0,1,43
1961,147000,1,2,1,3,15,1,1,0,0,144,0,1,47
2021,294000,3,1,1,2,44,1,1,0,0,229,0,1,48
1975,265300,2,1,2,2,35,0,0,0,0,213,0,2,9
1986,240000,2,2,1,3,31,0,1,1,0,163,1,1,61
1920,143500,2,1,2,3,70,1,0,0,1,96,0,1,31
1976,245000,1,1,1,1,36,1,1,1,0,324,0,0,56
1979,230000,2,2,1,3,52,1,1,1,0,139,1,1,47
1988,229995,3,2,2,3,68,1,0,0,1,154,0,1,28
1922,288000,2,1,1,3,57,0,0,0,0,222,1,1,54
1986,272500,3,1,2,3,13,1,0,1,0,160,0,1,53
1974,500000,2,1,2,4,117,0,0,1,0,359,0,1,9
1930,165000,1,1,1,1,126,0,1,0,0,178,0,0,17
1972,454000,2,2,1,4,58,1,1,1,0,398,0,1,56
1900,412000,2,5,1,3,42,0,1,0,1,249,2,1,14
2004,155000,2,1,2,2,113,1,1,0,0,118,0,2,17
1972,245000,2,1,1,2,33,1,1,1,0,215,4,0,39
1956,432000,2,1,1,5,37,0,0,0,0,200,0,1,50
1961,155000,1,1,1,3,38,1,1,0,1,118,0,1,32
1998,249900,2,1,3,3,54,1,1,0,1,138,0,2,18
1979,209500,2,1,3,2,54,0,1,1,0,222,0,0,49
1957,823500,3,2,1,4,70,0,1,0,1,395,4,1,16
1975,115000,2,1,1,3,149,1,1,1,0,51,0,1,43
1986,810000,3,2,3,5,59,1,0,1,1,291,0,1,3
2023,903000,4,3,2,5,24,1,0,0,0,266,1,1,56
1943,779000,3,2,1,3,23,1,1,1,1,453,4,1,16
2007,280000,3,1,2,3,130,1,1,1,0,185,0,2,53
1950,305000,2,1,1,4,54,0,0,1,1,153,0,1,29
1891,120000,2,1,2,3,32,0,0,0,1,90,0,2,64
2015,400000,3,1,2,3,106,1,0,0,0,229,4,0,26
2015,609000,3,3,1,3,95,1,1,1,1,210,1,1,34
1839,305000,1,1,2,4,113,0,0,0,1,272,0,1,52
2004,200000,2,2,2,3,43,1,1,0,1,148,0,1,13
1979,345000,2,2,1,3,32,0,0,0,0,220,1,1,24
1978,505000,2,2,1,4,112,1,1,1,0,319,0,1,56
1960,225000,2,1,2,3,41,0,1,0,1,123,0,1,32
1894,220000,1,1,1,2,27,0,0,0,1,275,1,0,52
1994,227000,2,2,2,4,65,1,1,0,0,140,0,1,12
1985,274000,2,2,2,2,181,1,1,0,0,227,0,0,17
1973,320000,3,1,1,3,172,1,1,0,1,135,0,1,18
1956,187000,1,1,1,3,51,1,1,0,1,173,0,1,34
1966,162250,1,1,1,3,181,0,0,0,1,110,1,1,10
1986,230000,1,1,2,1,50,0,0,1,0,283,0,0,56
2007,260000,3,1,2,3,-5,1,1,1,0,172,0,1,12
1900,150000,1,1,3,5,57,0,0,0,1,82,0,2,64
2016,559900,3,2,1,4,43,1,1,1,0,261,1,1,62
1875,950000,2,1,2,3,117,0,1,1,1,621,2,0,8
1990,515000,3,2,2,4,53,1,1,1,0,271,0,1,56
1966,58075,0,1,1,0,67,0,0,0,0,32,0,1,12
1945,621000,1,1,1,2,0,0,1,1,0,621,3,1,8
1984,185000,3,1,1,2,69,1,1,1,1,120,0,0,0
2002,685000,3,1,2,3,128,1,1,0,1,323,0,2,55
1896,105000,1,1,3,5,160,0,0,0,1,63,0,2,64
1961,290000,2,1,1,3,44,1,0,0,0,245,0,1,53
1968,188000,2,2,1,3,43,1,0,0,0,148,0,1,47
1977,425000,2,2,1,4,209,0,0,1,0,230,0,1,9
1960,395000,2,2,2,3,37,0,0,0,1,260,1,1,52
1985,154000,2,1,2,3,55,1,0,0,0,144,0,2,18
1960,389900,2,1,1,3,35,0,0,0,0,286,4,1,50
1966,56000,1,1,1,2,20,0,0,0,0,63,0,1,36
1925,665000,3,1,2,3,41,1,1,0,1,489,1,0,8
1967,178000,2,1,1,4,62,1,1,1,0,94,1,1,43
1951,312000,1,1,1,2,36,0,0,0,0,346,4,1,58
1972,293500,1,1,1,3,78,1,1,1,1,257,0,1,0
1967,68000,1,1,1,1,53,1,0,0,0,95,0,0,62
2000,1000000,2,1,1,3,44,0,1,1,1,293,7,1,22
1960,625000,2,1,4,4,103,1,1,0,1,369,0,1,3
1965,376500,3,1,2,4,23,1,1,1,1,155,0,1,54
1953,106900,1,1,1,2,21,0,0,0,0,56,0,1,32
1947,224900,2,1,1,2,39,1,0,0,1,312,1,1,57
2018,620000,5,2,3,6,109,1,1,1,1,112,0,1,7
1984,590000,4,2,2,4,41,1,1,1,1,220,1,1,39
1920,637500,2,1,1,2,0,1,1,0,1,628,3,0,8
1960,197000,3,2,1,3,60,0,1,0,1,103,0,1,17
2004,315000,3,2,2,3,126,1,1,1,0,205,0,1,53
2022,439900,4,2,2,4,102,1,1,0,1,144,4,1,43
1969,287500,2,1,1,2,38,1,1,0,0,282,2,0,3
2005,242000,2,1,1,2,62,1,1,0,0,156,0,0,28
1962,60000,2,1,1,3,322,0,0,0,0,34,0,1,43
1919,170000,2,1,1,1,68,0,0,0,1,297,1,1,57
2006,299000,2,2,1,3,37,1,1,1,0,175,1,1,62
2019,304000,3,2,1,4,227,1,1,1,1,229,0,2,17
1957,204000,2,1,1,3,49,1,1,1,1,212,0,1,32
1953,260000,1,2,1,2,68,1,1,1,1,220,0,1,0
1960,255000,2,1,1,3,37,1,1,1,0,242,0,1,12
1948,280000,1,2,1,2,64,1,0,1,0,217,1,1,31
2015,455555,3,2,1,4,35,1,1,1,1,128,0,1,18
2019,710000,4,2,3,3,14,1,1,1,0,395,1,2,59
2006,340000,3,1,2,4,58,1,1,1,0,196,0,1,30
1925,707000,3,2,2,3,85,1,0,1,1,216,1,1,34
2006,439000,3,1,2,2,124,0,1,1,0,262,1,1,49
1976,190000,3,2,2,3,-4,0,0,1,0,71,0,1,36
2013,545900,3,2,2,4,147,1,1,1,0,206,0,2,30
2020,810000,3,3,1,4,38,1,1,1,0,303,1,1,62
1973,219000,1,2,1,1,62,1,1,0,0,345,0,0,16
1947,412000,2,2,2,3,49,0,0,1,1,181,2,1,52
1900,490000,1,1,1,2,104,0,1,0,1,555,2,0,8
1994,180000,2,1,2,3,31,1,0,0,0,142,0,2,18
1958,220000,2,2,1,3,26,0,0,0,1,219,0,1,17
1966,115000,3,1,2,4,86,0,0,0,0,32,0,1,22
1912,220000,2,1,3,4,187,0,0,0,1,134,0,2,64
2002,415000,2,2,1,4,69,1,1,1,0,195,0,1,62
1965,433000,2,1,1,3,29,1,0,0,0,268,2,1,3
1870,235000,3,1,1,4,67,1,1,0,1,117,0,2,0
1948,63000,1,1,1,3,61,1,0,0,0,48,0,1,43
1977,382000,2,2,1,3,86,0,0,1,0,318,2,1,58
1965,267000,2,1,2,2,53,0,0,0,0,238,1,2,50
1971,470000,2,2,1,3,21,1,1,1,1,290,1,1,34
1985,392000,2,2,1,3,34,1,1,1,0,346,2,1,56
1951,144815,1,1,1,3,-3,0,1,0,1,106,0,1,0
1969,237050,3,1,2,4,56,1,1,1,1,115,0,1,32
1986,275000,3,1,1,3,147,1,0,0,1,211,0,1,28
1956,231650,1,2,1,2,44,1,0,1,1,232,1,1,31
1940,245000,2,2,2,3,50,1,1,0,1,176,0,1,17
1916,705000,4,2,2,4,71,1,1,1,1,271,3,1,57
1955,755000,3,1,1,4,22,1,1,0,1,338,4,1,16
2014,452000,3,2,2,4,87,0,1,1,0,233,0,1,65
1999,229000,2,2,1,2,102,1,0,1,0,140,0,0,28
1915,905000,5,1,2,6,68,1,1,1,1,216,0,1,53
1999,485000,3,2,2,4,154,1,1,1,0,230,0,1,49
2002,900000,3,3,2,5,28,1,1,1,0,219,1,1,56
1987,385000,3,2,2,4,51,1,1,1,1,173,0,1,28
1955,250000,2,1,1,3,74,1,1,0,0,220,0,1,18
2000,700000,3,3,2,4,80,0,0,1,0,258,1,1,9
1958,79000,1,1,1,3,36,1,0,0,0,92,0,1,62
1971,465000,2,2,1,3,112,0,0,1,0,249,1,1,9
2018,250000,2,1,2,3,81,1,1,0,1,204,0,2,18
2001,245000,2,2,1,3,80,1,1,1,0,140,0,1,43
1985,675000,4,3,2,4,60,1,1,1,1,182,1,1,60
1935,262500,1,1,2,3,62,1,0,1,1,209,0,1,34
1940,144000,1,1,1,2,44,1,1,0,0,134,0,1,12
1951,265000,2,1,1,3,38,0,0,0,0,146,1,1,29
1955,115000,1,1,1,2,87,0,0,0,0,152,0,1,36
2009,427900,3,2,2,3,33,1,1,1,1,218,1,1,28
1995,260000,3,2,1,3,74,1,1,0,1,136,0,1,34
1964,75000,2,1,1,3,30,0,0,0,0,75,0,1,36
1976,435000,2,2,1,3,53,0,0,1,0,304,0,1,9
2010,393000,3,2,2,3,8,1,0,0,1,182,1,1,35
1994,211000,2,1,1,3,34,1,1,1,0,200,0,1,62
1988,236000,2,2,2,3,128,1,0,1,0,151,1,1,31
1988,205000,3,1,1,2,161,1,1,0,0,160,0,0,0
1966,175550,2,1,1,4,25,0,0,0,1,99,0,1,22
1966,64975,0,1,1,0,67,0,0,0,0,36,0,1,12
1961,700000,3,2,1,3,36,0,0,0,0,317,7,1,50
1925,100000,1,1,1,3,162,1,0,0,1,93,0,1,31
2017,737000,5,3,2,5,62,1,1,1,1,188,0,1,34
2014,225000,2,2,1,3,50,0,1,0,0,168,1,1,22
1897,153000,1,1,3,3,21,0,0,0,1,111,0,1,64
1957,349900,2,1,1,3,67,0,0,0,0,303,3,1,50
1992,331000,2,2,2,4,-9,1,1,0,0,147,0,1,12
1886,130000,1,1,1,2,37,0,0,0,1,72,1,1,64
